<?xml version="1.0" encoding="UTF-8"?>
<project-private xmlns="http://www.netbeans.org/ns/project-private/1">
    <editor-bookmarks xmlns="http://www.netbeans.org/ns/editor-bookmarks/2" lastBookmarkId="0"/>
    <open-files xmlns="http://www.netbeans.org/ns/projectui-open-files/2">
        <group>
            <file>file:/D:/WampDeveloper/Websites/thgv.local/webroot/app/View/Courses/ket_qua_thong_ke.ctp</file>
            <file>file:/D:/WampDeveloper/Websites/thgv.local/webroot/app/Controller/StudentsCoursesController.php</file>
            <file>file:/D:/WampDeveloper/Websites/thgv.local/webroot/app/View/Courses/manager_thong_ke.ctp</file>
            <file>file:/D:/WampDeveloper/Websites/thgv.local/webroot/app/Controller/CoursesController.php</file>
        </group>
    </open-files>
</project-private>
